{
    "data":{
        "attributes":{
            "normal":{
                "array":[-1,-1.19209e-07,-2.38419e-07,-1,-1.19209e-07,-2.38419e-07,-1,-1.19209e-07,-2.38419e-07,0.707107,0.707107,-0,0.707107,0.707107,-0,0.707107,0.707107,-0,0,1,-4.37114e-08,0,1,-4.37114e-08,0,1,-4.37114e-08,2.38419e-07,1.19209e-07,-1,2.38419e-07,1.19209e-07,-1,2.38419e-07,1.19209e-07,-1,0.57735,0.57735,-0.57735,0.57735,0.57735,-0.57735,0.57735,0.57735,-0.57735,2.68221e-07,1.58933e-08,-1,2.68221e-07,1.58933e-08,-1,2.68221e-07,1.58933e-08,-1,1,2.38419e-07,2.38419e-07,1,2.38419e-07,2.38419e-07,1,2.38419e-07,2.38419e-07,1,3.57628e-07,-2.13163e-14,1,3.57628e-07,-2.13163e-14,1,3.57628e-07,-2.13163e-14,-2.36534e-16,1,-4.37114e-08,-2.36534e-16,1,-4.37114e-08,-2.36534e-16,1,-4.37114e-08,-0,1,0,-0,1,0,-0,1,0,-2.38419e-07,-2.38419e-07,1,-2.38419e-07,-2.38419e-07,1,-2.38419e-07,-2.38419e-07,1,-7.10543e-15,-1,2.98023e-08,-7.10543e-15,-1,2.98023e-08,-7.10543e-15,-1,2.98023e-08,0.57735,0.57735,-0.57735,0.57735,0.57735,-0.57735,0.57735,0.57735,-0.57735,-1,-1.19209e-07,-2.38419e-07,-1,-1.19209e-07,-2.38419e-07,-1,-1.19209e-07,-2.38419e-07,-1,-1.19209e-07,-2.38419e-07,-1,-1.19209e-07,-2.38419e-07,-1,-1.19209e-07,-2.38419e-07,-1,-1.19209e-07,-2.38419e-07,-1,-1.19209e-07,-2.38419e-07,-1,-1.19209e-07,-2.38419e-07,0.707107,0.707107,1.79826e-07,0.707107,0.707107,1.79826e-07,0.707107,0.707107,1.79826e-07,-2.36534e-16,1,-4.37114e-08,-2.36534e-16,1,-4.37114e-08,-2.36534e-16,1,-4.37114e-08,2.38419e-07,1.19209e-07,-1,2.38419e-07,1.19209e-07,-1,2.38419e-07,1.19209e-07,-1,-5.36442e-07,-1.19209e-07,1,-5.36442e-07,-1.19209e-07,1,-5.36442e-07,-1.19209e-07,1,-5.96046e-08,-5.96047e-08,1,-5.96046e-08,-5.96047e-08,1,-5.96046e-08,-5.96047e-08,1,-2.68221e-07,1.49012e-07,1,-2.68221e-07,1.49012e-07,1,-2.68221e-07,1.49012e-07,1,-1.77636e-15,-1,2.98023e-08,-1.77636e-15,-1,2.98023e-08,-1.77636e-15,-1,2.98023e-08],
                "type":"Float32Array",
                "itemSize":3
            },
            "position":{
                "array":[-1,-1.04216e-14,-2.38419e-07,-1,-1,-1,-1,-1,1,2.38419e-07,-4.37114e-08,-1,1,-1,1.03316e-07,1,-1,-1,-5.96046e-08,1.3027e-15,2.98023e-08,-1,-4.37114e-08,-1,-1,-1.04216e-14,-2.38419e-07,2.38419e-07,-4.37114e-08,-1,-1,-1,-1,-1,-4.37114e-08,-1,-1,1,-2.22525e-07,-5.36442e-07,1,1,-5.96046e-08,1.3027e-15,2.98023e-08,-1,-1.04216e-14,-2.38419e-07,-1,1,-2.22525e-07,-5.96046e-08,1.3027e-15,2.98023e-08,-5.36442e-07,1,1,-2.98023e-07,4.37114e-08,1,-5.96046e-08,1.3027e-15,2.98023e-08,1,4.37114e-08,1,1,-1,1,1,-1,1.03316e-07,-5.96046e-08,1.3027e-15,2.98023e-08,-2.98023e-07,4.37114e-08,1,1,4.37114e-08,1,-5.36442e-07,1,1,-1,1,-2.22525e-07,-1,1,1,1,-1,1,1,4.37114e-08,1,-2.98023e-07,4.37114e-08,1,1,-1,-1,-1,-1,1,-1,-1,-1,1,4.37114e-08,1,1,-1,1.03316e-07,-5.96046e-08,1.3027e-15,2.98023e-08,-1,1,1,-1,1,-2.22525e-07,-1,-1.04216e-14,-2.38419e-07,-1,-1.04216e-14,-2.38419e-07,-1,-4.37114e-08,-1,-1,-1,-1,-1,-1,1,-1,1,1,-1,-1.04216e-14,-2.38419e-07,2.38419e-07,-4.37114e-08,-1,-5.96046e-08,1.3027e-15,2.98023e-08,1,-1,1.03316e-07,-5.96046e-08,1.3027e-15,2.98023e-08,2.38419e-07,-4.37114e-08,-1,-1,-4.37114e-08,-1,2.38419e-07,-4.37114e-08,-1,1,-1,-1,-1,-1,-1,-2.98023e-07,4.37114e-08,1,-5.36442e-07,1,1,-1,1,1,-1,-1,1,1,-1,1,-2.98023e-07,4.37114e-08,1,-2.98023e-07,4.37114e-08,1,-1,1,1,-1,-1,1,1,-1,-1,1,-1,1,-1,-1,1],
                "type":"Float32Array",
                "itemSize":3
            }
        },
        "index":{
            "array":[0,1,2,3,4,5,6,7,8,9,10,11,12,13,14,15,16,17,18,19,20,21,22,23,24,25,26,27,28,29,30,31,32,33,34,35,36,37,38,39,40,41,42,43,44,45,46,47,48,49,50,51,52,53,54,55,56,57,58,59,60,61,62,63,64,65,66,67,68],
            "type":"Uint16Array",
            "itemSize":1
        }
    },
    "metadata":{
        "version":3,
        "normal":69,
        "type":"BufferGeometry",
        "generator":"io_three",
        "position":69
    }
}