{
    "data":{
        "attributes":{
            "normal":{
                "array":[0,-1,0,0,-1,0,0,-1,0,-8.47033e-22,1,-4.37114e-08,-8.47033e-22,1,-4.37114e-08,-8.47033e-22,1,-4.37114e-08,0.57735,0.57735,-0.57735,0.57735,0.57735,-0.57735,0.57735,0.57735,-0.57735,-2.68221e-07,-8.94071e-08,1,-2.68221e-07,-8.94071e-08,1,-2.68221e-07,-8.94071e-08,1,2.68221e-07,1.58933e-08,-1,2.68221e-07,1.58933e-08,-1,2.68221e-07,1.58933e-08,-1,2.52881e-07,0.707107,-0.707107,2.52881e-07,0.707107,-0.707107,2.52881e-07,0.707107,-0.707107,0.57735,0.57735,-0.57735,0.57735,0.57735,-0.57735,0.57735,0.57735,-0.57735,2.38419e-07,1.19209e-07,-1,2.38419e-07,1.19209e-07,-1,2.38419e-07,1.19209e-07,-1,0,1,-0,0,1,-0,0,1,-0,1,3.27826e-07,0,1,3.27826e-07,0,1,3.27826e-07,0,-1,-1.19209e-07,-2.38419e-07,-1,-1.19209e-07,-2.38419e-07,-1,-1.19209e-07,-2.38419e-07,0,-1,-0,0,-1,-0,-3.55271e-15,-1,5.96047e-08,-3.55271e-15,-1,5.96047e-08,-3.55271e-15,-1,5.96047e-08,-7.10542e-15,-1,1.19209e-07,-7.10542e-15,-1,1.19209e-07,-7.10542e-15,-1,1.19209e-07,5.96046e-08,-1,1.42109e-14,5.96046e-08,-1,1.42109e-14,5.96046e-08,-1,1.42109e-14,-2.98023e-08,-1,2.98023e-08,-2.98023e-08,-1,2.98023e-08,-2.98023e-08,-1,2.98023e-08,-0,-1,0,2.98023e-08,-1,2.98023e-08,2.98023e-08,-1,2.98023e-08,2.98023e-08,-1,2.98023e-08,-2.36534e-16,1,-4.37114e-08,-2.36534e-16,1,-4.37114e-08,-2.36534e-16,1,-4.37114e-08,-5.96046e-08,-2.38419e-07,1,-5.96046e-08,-2.38419e-07,1,-5.96046e-08,-2.38419e-07,1,-4.76837e-07,-3.57628e-07,1,-4.76837e-07,-3.57628e-07,1,-4.76837e-07,-3.57628e-07,1,-5.36442e-07,2.38418e-07,1,-5.36442e-07,2.38418e-07,1,-5.36442e-07,2.38418e-07,1,-1.78814e-07,0,1,-1.78814e-07,0,1,-1.78814e-07,0,1,-4.76837e-07,1.19209e-07,1,-4.76837e-07,1.19209e-07,1,-4.76837e-07,1.19209e-07,1,-2.08616e-07,-8.9407e-08,1,-2.08616e-07,-8.9407e-08,1,-2.08616e-07,-8.9407e-08,1,-5.96046e-08,2.38419e-07,1,-5.96046e-08,2.38419e-07,1,-5.96046e-08,2.38419e-07,1,3.37175e-07,0.707107,-0.707107,3.37175e-07,0.707107,-0.707107,3.37175e-07,0.707107,-0.707107,2.38419e-07,1.19209e-07,-1,2.38419e-07,1.19209e-07,-1,2.38419e-07,1.19209e-07,-1,-1,-1.19209e-07,-2.38419e-07,-1,-1.19209e-07,-2.38419e-07,-1,-1.19209e-07,-2.38419e-07,-1,-1.19209e-07,-2.38419e-07,-1,-1.19209e-07,-2.38419e-07,-1,-1.19209e-07,-2.38419e-07,-1,-1.19209e-07,-2.38419e-07,-1,-1.19209e-07,-2.38419e-07,-1,-1.19209e-07,-2.38419e-07],
                "type":"Float32Array",
                "itemSize":3
            },
            "position":{
                "array":[-1,-1,-2.54312e-07,-1,-1,-0.5,1.78814e-07,-1,-1,2.38419e-07,-4.37114e-08,-1,-1,-1.04216e-14,-2.38419e-07,1,1.3027e-14,2.98023e-07,0,1.3027e-15,2.98023e-08,-1,1,-2.22525e-07,-5.36442e-07,1,1,-5.36442e-07,1,1,-1,4.37114e-08,1,0,-1,1,-1,-1.04216e-14,-2.38419e-07,-1,1,-2.22525e-07,0,1.3027e-15,2.98023e-08,0,1.3027e-15,2.98023e-08,0.999999,1,1,1,1.3027e-14,2.98023e-07,1,-1,-1,2.38419e-07,-4.37114e-08,-1,1,1.3027e-14,2.98023e-07,2.38419e-07,-4.37114e-08,-1,-1,-1,-1,-1,-4.37114e-08,-1,-1,1,1,-5.36442e-07,1,1,-1,1,-2.22525e-07,1,-1,-1,0.999999,1,1,1,-1,1,-1,-1,1,-1,-1.04216e-14,-2.38419e-07,-1,-1,-1,1,-1,-1,1,-1,1.03316e-07,1,-1,1.03316e-07,1,-1,1,0,-1,1,0,-1,1,-1,-1,1,-1,-1,0.5,0,-1,1,-1,-1,0.5,-1,-1,-2.54312e-07,1.78814e-07,-1,-1,1,-1,1.03316e-07,0,-1,1,-1,-1,-1,0,-1,1,-1,-1,-2.54312e-07,1.78814e-07,-1,-1,2.38419e-07,-4.37114e-08,-1,-1,-4.37114e-08,-1,-1,-1.04216e-14,-2.38419e-07,0,-1,1,1,-1,1,1,4.37114e-08,1,1,4.37114e-08,1,0.999999,1,1,-5.36442e-07,1,1,-5.36442e-07,1,1,-1,1,1,-1,0.5,1,-1,4.37114e-08,1,-1,-0.5,1,0,-1,1,-5.36442e-07,1,1,-1,0.5,1,-1,4.37114e-08,1,0,-1,1,1,4.37114e-08,1,-5.36442e-07,1,1,-1,-0.5,1,-1,-1,1,0,-1,1,0,1.3027e-15,2.98023e-08,-5.36442e-07,1,1,0.999999,1,1,2.38419e-07,-4.37114e-08,-1,1,-1,-1,-1,-1,-1,-1,-1,1,-1,1,1,-1,-1.04216e-14,-2.38419e-07,-1,-1.04216e-14,-2.38419e-07,-1,-4.37114e-08,-1,-1,-1,-1,-1,1,1,-1,1,-2.22525e-07,-1,-1.04216e-14,-2.38419e-07],
                "type":"Float32Array",
                "itemSize":3
            }
        },
        "index":{
            "array":[0,1,2,3,4,5,6,7,8,9,10,11,12,13,14,15,16,17,18,19,20,21,22,23,24,25,26,27,28,29,30,31,32,2,33,34,35,36,37,38,39,40,41,42,43,44,45,46,1,47,2,48,49,50,51,52,53,54,55,56,57,58,59,60,61,62,63,64,65,66,67,68,69,70,71,72,73,74,75,76,77,78,79,80,81,82,83,84,85,86,87,88,89],
            "type":"Uint16Array",
            "itemSize":1
        }
    },
    "metadata":{
        "version":3,
        "normal":90,
        "type":"BufferGeometry",
        "generator":"io_three",
        "position":90
    }
}